{
    "dating": {
        "1": {
            "princiotti": 12.084735175349207,
            "tay": 11.758488135136767,
            "start": 10.986122886681098,
            "viewership": 10.986122886681098,
            "nnov": 10.542092810812274,
            "serious": 9.887510598012987,
            "ms": 9.887510598012987,
            "living": 9.887510598012987,
            "graphic": 9.887510598012987,
            "chang": 9.887510598012987
        },
        "-1": {
            "euro": 6.591673732008658,
            "nba": 6.0819766216224656,
            "kearse": 5.493061443340549,
            "hate": 5.493061443340549,
            "billionaire": 5.493061443340549,
            "gotchu": 5.493061443340549,
            "digianfilippo": 5.493061443340549,
            "angeles": 4.865581297297973,
            "nnov": 4.865581297297973,
            "benberry": 4.054651081081644
        },
        "0": {
            "decker": 14.281959752685427,
            "nseptember": 7.690286020676768,
            "nation": 6.591673732008658,
            "stage": 5.676511513514301,
            "popcast": 5.493061443340549,
            "jessie": 5.493061443340549,
            "rock": 4.054651081081644,
            "old": 3.6491859729734797,
            "buenos": 3.6491859729734797,
            "aires": 3.6491859729734797
        }
    },
    "achievements": {
        "1": {
            "album": 77.84930075676756,
            "version": 59.197905783792,
            "billboard": 47.03395254054707,
            "year": 46.22302232433074,
            "copies": 43.94449154672439,
            "time": 36.08639462162663,
            "music": 35.275464405410304,
            "sold": 35.15559323737951,
            "nominated": 34.056980948711406,
            "feat": 32.95836866004329
        },
        "0": {
            "album": 18.651394972975563,
            "version": 8.920232378379616,
            "billboard": 8.109302162163289,
            "song": 7.703837054055123,
            "cruel": 7.298371945946959,
            "another": 6.48744172973063,
            "like": 6.0819766216224656,
            "grammy": 6.0819766216224656,
            "predictions": 5.493061443340549,
            "anthony": 5.493061443340549
        },
        "-1": {
            "canadian": 2.027325540540822,
            "perry": 0.8109302162163288,
            "everywhere": 0.4054651081081644,
            "within": 0.4054651081081644,
            "reach": 0.4054651081081644,
            "data": 0.4054651081081644,
            "global": 0.4054651081081644,
            "morgan": 0.4054651081081644,
            "led": 0.4054651081081644,
            "september": 0.4054651081081644
        }
    },
    "unrelated": {
        "1": {
            "rodgers": 34.056980948711406,
            "tour": 15.407674108110246,
            "pm": 13.380348567569424,
            "ai": 13.183347464017316,
            "flav": 12.084735175349207,
            "las": 12.084735175349207,
            "exorcist": 10.986122886681098,
            "album": 10.542092810812274,
            "eras": 10.542092810812274,
            "captain": 9.887510598012987
        },
        "0": {
            "women": 141.72098523818616,
            "nationally": 88.9875953821169,
            "wisconsin": 69.21257418609092,
            "lows": 69.21257418609092,
            "island": 53.83200214473738,
            "wage": 49.43755299006494,
            "rhode": 49.43755299006494,
            "ncalifornia": 49.43755299006494,
            "virginia": 49.43755299006494,
            "points": 44.19569678378992
        },
        "-1": {
            "dior": 15.380572041353537,
            "ms": 14.596743891893919,
            "jet": 14.281959752685427,
            "exhibit": 9.887510598012987,
            "tracking": 9.887510598012987,
            "pia": 9.887510598012987,
            "mr": 8.920232378379616,
            "smoak": 7.690286020676768,
            "west": 7.298371945946959,
            "gannett": 6.591673732008658
        }
    },
    "social impact": {
        "1": {
            "tour": 149.41127125886294,
            "tickets": 58.22645129940982,
            "album": 52.733389856069266,
            "sofi": 52.733389856069266,
            "nadvertisement": 50.53616527873305,
            "eras": 44.19569678378992,
            "music": 41.76290613514093,
            "way": 41.74726696938817,
            "back": 41.74726696938817,
            "know": 40.648654680720064
        },
        "0": {
            "alpine": 9.887510598012987,
            "otro": 6.591673732008658,
            "capital": 6.591673732008658,
            "investors": 5.493061443340549,
            "backlash": 5.493061443340549,
            "course": 2.8382557567571505,
            "images": 2.8382557567571505,
            "arrowhead": 2.4327906486489863,
            "group": 2.4327906486489863,
            "made": 2.027325540540822
        },
        "-1": {
            "women": 3.6491859729734797,
            "cultural": 2.027325540540822,
            "rehearsal": 1.6218604324326575,
            "dinner": 1.2163953243244932,
            "tiktok": 1.2163953243244932,
            "younger": 1.2163953243244932,
            "times": 1.2163953243244932,
            "house": 0.8109302162163288,
            "really": 0.8109302162163288,
            "efforts": 0.8109302162163288
        }
    },
    "filmography": {
        "1": {
            "ms": 27.465307216702744,
            "amc": 25.138836702706193,
            "release": 23.516976270273535,
            "pm": 23.070858062030304,
            "nnov": 21.972245773362197,
            "times": 21.895115837840876,
            "premiere": 20.678720513516385,
            "days": 19.775021196025975,
            "chang": 19.775021196025975,
            "domestic": 18.676408907357867
        },
        "0": {
            "police": 19.775021196025975,
            "vehicle": 15.380572041353537,
            "blum": 10.986122886681098,
            "thursday": 10.947557918920438,
            "davis": 8.788898309344878,
            "toronto": 8.788898309344878,
            "government": 8.788898309344878,
            "hospital": 8.788898309344878,
            "release": 8.514767270271452,
            "last": 7.703837054055123
        },
        "-1": {
            "stage": 2.027325540540822,
            "white": 2.027325540540822,
            "nomination": 2.027325540540822,
            "review": 1.6218604324326575,
            "cultural": 1.6218604324326575,
            "seems": 1.6218604324326575,
            "critic": 1.6218604324326575,
            "know": 1.2163953243244932,
            "prize": 1.2163953243244932,
            "commission": 0.8109302162163288
        }
    },
    "tour": {
        "1": {
            "kobe": 108.76261657814287,
            "hat": 101.0723305574661,
            "bryant": 94.48065682545744,
            "bianka": 72.50841105209524,
            "brittany": 34.056980948711406,
            "murray": 32.95836866004329,
            "telegram": 31.859756371375184,
            "scng": 31.859756371375184,
            "metro": 23.9224413783817,
            "banner": 23.070858062030304
        },
        "0": {
            "vehicle": 21.972245773362197,
            "popcast": 16.479184330021646,
            "canada": 15.002209000002082,
            "reopened": 14.281959752685427,
            "closure": 14.281959752685427,
            "rogers": 13.183347464017316,
            "metro": 12.97488345946126,
            "deadly": 12.084735175349207,
            "border": 12.084735175349207,
            "rainbow": 10.986122886681098
        },
        "-1": {
            "heat": 31.859756371375184,
            "de": 25.268082639366526,
            "janeiro": 20.873633484694086,
            "letter": 19.775021196025975,
            "rio": 15.813139216218412,
            "gov": 15.380572041353537,
            "curfew": 15.380572041353537,
            "lt": 14.281959752685427,
            "signed": 14.281959752685427,